<?xml version="1.0" encoding="UTF-8"?>
<GenRun Id="fir_compiler_0_synth_1" LaunchPart="xc7z020clg400-1" LaunchTime="1680174221">
  <File Type="REPORTS-TCL" Name="fir_compiler_0_reports.tcl"/>
  <File Type="PA-TCL" Name="fir_compiler_0.tcl"/>
  <File Type="RDS-DCP" Name="fir_compiler_0.dcp"/>
  <File Type="RDS-RDS" Name="fir_compiler_0.vds"/>
  <File Type="RDS-UTIL" Name="fir_compiler_0_utilization_synth.rpt"/>
  <File Type="RDS-UTIL-PB" Name="fir_compiler_0_utilization_synth.pb"/>
  <FileSet Name="sources" Type="BlockSrcs" RelSrcDir="$PSRCDIR/fir_compiler_0">
    <File Path="$PSRCDIR/sources_1/ip/fir_compiler_0/fir_compiler_0.xci">
      <FileInfo>
        <Attr Name="UsedIn" Val="synthesis"/>
        <Attr Name="UsedIn" Val="implementation"/>
        <Attr Name="UsedIn" Val="simulation"/>
      </FileInfo>
    </File>
    <Config>
      <Option Name="TopModule" Val="fir_compiler_0"/>
      <Option Name="UseBlackboxStub" Val="1"/>
    </Config>
  </FileSet>
  <FileSet Name="constrs_in" Type="BlockSrcs" RelSrcDir="$PSRCDIR/fir_compiler_0">
    <File Path="$PSRCDIR/sources_1/ip/fir_compiler_0/fir_compiler_0.xci">
      <FileInfo>
        <Attr Name="UsedIn" Val="synthesis"/>
        <Attr Name="UsedIn" Val="implementation"/>
        <Attr Name="UsedIn" Val="simulation"/>
      </FileInfo>
    </File>
    <Config>
      <Option Name="TopModule" Val="fir_compiler_0"/>
      <Option Name="UseBlackboxStub" Val="1"/>
    </Config>
  </FileSet>
  <FileSet Name="utils" Type="Utils" RelSrcDir="$PSRCDIR/utils_1">
    <Filter Type="Utils"/>
    <Config>
      <Option Name="TopAutoSet" Val="TRUE"/>
    </Config>
  </FileSet>
  <Strategy Version="1" Minor="2">
    <StratHandle Name="Vivado Synthesis Defaults" Flow="Vivado Synthesis 2021"/>
    <Step Id="synth_design"/>
  </Strategy>
</GenRun>
